case:concept:name,traces,frequency,cluster
1-704218008,Accepted -> Accepted -> Queued -> Accepted -> Accepted -> Queued -> Accepted -> Queued -> Accepted -> Queued -> Accepted -> Queued -> Accepted -> Accepted -> Queued -> Queued -> Accepted -> Queued -> Accepted -> Queued -> Accepted -> Accepted -> Completed -> Completed,183,0
1-722568166,Accepted -> Accepted -> Completed -> Queued -> Accepted -> Queued -> Accepted -> Accepted -> Completed -> Completed,2597,1
1-726907941,Queued -> Accepted -> Queued -> Accepted -> Queued -> Accepted -> Accepted -> Queued -> Accepted -> Queued -> Accepted -> Completed -> Completed,201,2
1-739626891,Accepted -> Accepted -> Queued -> Accepted -> Accepted -> Queued -> Accepted -> Accepted -> Queued -> Accepted -> Queued -> Accepted -> Accepted -> Queued -> Accepted -> Completed -> Completed,540,3
1-716202992,Accepted -> Accepted -> Completed -> Accepted -> Completed -> Completed,3043,4
1-506071646,Accepted -> Accepted -> Queued -> Accepted -> Queued -> Accepted -> Accepted -> Queued -> Accepted -> Queued -> Accepted -> Queued -> Accepted -> Queued -> Accepted -> Accepted -> Queued -> Accepted -> Queued -> Accepted -> Accepted -> Queued -> Accepted -> Queued -> Accepted -> Queued -> Accepted -> Queued -> Accepted -> Queued -> Accepted -> Accepted -> Queued -> Accepted -> Queued -> Accepted -> Queued -> Accepted -> Queued -> Accepted -> Accepted -> Queued -> Accepted -> Accepted -> Completed -> Completed,43,5
1-638945511,Queued -> Accepted -> Queued -> Accepted -> Accepted -> Completed -> Completed,947,6
