case:concept:name,traces,frequency,cluster
3239,invite reviewers -> invite reviewers -> get review 2 -> time-out 3 -> time-out 1 -> collect reviews -> collect reviews -> decide -> decide -> invite additional reviewer -> invite additional reviewer -> get review X -> invite additional reviewer -> invite additional reviewer -> time-out X -> invite additional reviewer -> invite additional reviewer -> get review X -> invite additional reviewer -> invite additional reviewer -> get review X -> reject -> reject,1829,0
4127,invite reviewers -> invite reviewers -> time-out 1 -> time-out 3 -> get review 2 -> collect reviews -> collect reviews -> decide -> decide -> invite additional reviewer -> invite additional reviewer -> get review X -> invite additional reviewer -> invite additional reviewer -> time-out X -> invite additional reviewer -> invite additional reviewer -> time-out X -> invite additional reviewer -> invite additional reviewer -> time-out X -> invite additional reviewer -> invite additional reviewer -> get review X -> invite additional reviewer -> invite additional reviewer -> get review X -> accept -> accept,1475,1
1149,invite reviewers -> invite reviewers -> get review 2 -> get review 3 -> time-out 1 -> collect reviews -> collect reviews -> decide -> decide -> invite additional reviewer -> invite additional reviewer -> get review X -> invite additional reviewer -> invite additional reviewer -> get review X -> reject -> reject,2520,2
1084,invite reviewers -> invite reviewers -> get review 2 -> time-out 3 -> time-out 1 -> collect reviews -> collect reviews -> decide -> decide -> invite additional reviewer -> invite additional reviewer -> time-out X -> invite additional reviewer -> invite additional reviewer -> get review X -> invite additional reviewer -> invite additional reviewer -> time-out X -> invite additional reviewer -> invite additional reviewer -> time-out X -> invite additional reviewer -> invite additional reviewer -> time-out X -> invite additional reviewer -> invite additional reviewer -> time-out X -> invite additional reviewer -> invite additional reviewer -> get review X -> invite additional reviewer -> invite additional reviewer -> get review X -> invite additional reviewer -> invite additional reviewer -> get review X -> accept -> accept,805,3
1714,invite reviewers -> invite reviewers -> get review 1 -> time-out 2 -> time-out 3 -> collect reviews -> collect reviews -> decide -> decide -> invite additional reviewer -> invite additional reviewer -> time-out X -> invite additional reviewer -> invite additional reviewer -> get review X -> invite additional reviewer -> invite additional reviewer -> get review X -> accept -> accept,1821,4
6419,invite reviewers -> invite reviewers -> time-out 3 -> time-out 1 -> time-out 2 -> collect reviews -> collect reviews -> decide -> decide -> invite additional reviewer -> invite additional reviewer -> get review X -> invite additional reviewer -> invite additional reviewer -> time-out X -> invite additional reviewer -> invite additional reviewer -> time-out X -> invite additional reviewer -> invite additional reviewer -> time-out X -> invite additional reviewer -> invite additional reviewer -> time-out X -> invite additional reviewer -> invite additional reviewer -> time-out X -> invite additional reviewer -> invite additional reviewer -> time-out X -> invite additional reviewer -> invite additional reviewer -> get review X -> invite additional reviewer -> invite additional reviewer -> time-out X -> invite additional reviewer -> invite additional reviewer -> time-out X -> invite additional reviewer -> invite additional reviewer -> get review X -> invite additional reviewer -> invite additional reviewer -> get review X -> reject -> reject,283,5
4651,invite reviewers -> invite reviewers -> time-out 2 -> time-out 1 -> get review 3 -> collect reviews -> collect reviews -> decide -> decide -> invite additional reviewer -> invite additional reviewer -> time-out X -> invite additional reviewer -> invite additional reviewer -> time-out X -> invite additional reviewer -> invite additional reviewer -> get review X -> invite additional reviewer -> invite additional reviewer -> time-out X -> invite additional reviewer -> invite additional reviewer -> get review X -> invite additional reviewer -> invite additional reviewer -> get review X -> reject -> reject,1267,6
