case:concept:name,traces,frequency,cluster
Case 76,Otherness -> Pushing The Limits -> Shades Of Grey -> Terraformer I -> Taste For Battle -> Glorified Cog -> Terraformer II -> Elevate Myself -> Doom Importer -> Terraformer III -> Fight Club -> Down The Rabbit Hole -> Breakdown of the Bicameral Mind -> Red Bird is the Word -> Off The Hook -> We are immortal! -> Give me liberty or give me death!,2,0
Case 208,Otherness -> Pushing The Limits -> Terraformer I -> Doom Importer -> Taste For Battle -> Glorified Cog -> Terraformer II -> Terraformer III,31,1
Case 133,Otherness -> Terraformer I -> Doom Importer -> Pushing The Limits -> Terraformer II -> Taste For Battle -> Terraformer III -> Glorified Cog -> Fight Club -> Down The Rabbit Hole -> Breakdown of the Bicameral Mind -> Home Is Where Your Code Is -> Terraformer IV -> Off The Hook -> We are immortal! -> Elevate Myself,19,2
Case 48,Otherness -> Terraformer I -> Pushing The Limits -> Taste For Battle -> Glorified Cog -> Terraformer II -> Doom Importer -> Red Bird is the Word -> Terraformer III -> Skeletons In The Closet -> Terraformer IV -> Fight Club -> Down The Rabbit Hole -> Breakdown of the Bicameral Mind -> Home Is Where Your Code Is -> Off The Hook -> We are immortal! -> Two Are Better Than One -> Elevate Myself,42,3
Case 38,Otherness -> Shades Of Grey -> Doom Importer -> Terraformer I -> Pushing The Limits,30,4
Case 95,Otherness,8,5
Case 209,Otherness -> Pushing The Limits -> Terraformer I -> Shades Of Grey -> Doom Importer -> Taste For Battle -> Terraformer II -> Glorified Cog -> Terraformer III -> Fight Club -> Down The Rabbit Hole -> Breakdown of the Bicameral Mind -> Red Bird is the Word -> Home Is Where Your Code Is -> Off The Hook -> Terraformer IV -> We are immortal! -> Two Are Better Than One -> Elevate Myself -> Skeletons In The Closet -> None Shall Pass -> The Land of Opportunity -> Magnetic Personality -> Terraformer V -> The Martian Republic,73,6
Case 14,Otherness -> Pushing The Limits -> Terraformer I,14,7
