case:concept:name,traces,frequency,cluster
G,ER Registration -> ER Triage -> ER Sepsis Triage -> IV Liquid -> IV Antibiotics -> LacticAcid -> CRP -> Leucocytes -> Admission NC -> Leucocytes -> CRP -> Release A,758,0
KM,ER Registration -> ER Triage -> ER Sepsis Triage -> IV Liquid -> LacticAcid -> CRP -> Leucocytes -> IV Antibiotics -> Admission NC -> Leucocytes -> CRP -> Admission IC -> CRP -> Leucocytes -> LacticAcid -> Leucocytes -> Leucocytes -> LacticAcid -> Leucocytes -> CRP -> LacticAcid -> CRP -> Leucocytes -> LacticAcid -> CRP -> LacticAcid -> Leucocytes -> CRP -> LacticAcid -> Leucocytes -> LacticAcid -> Leucocytes -> CRP -> CRP -> Leucocytes -> LacticAcid -> CRP -> Leucocytes -> LacticAcid -> LacticAcid -> Leucocytes -> CRP -> LacticAcid -> CRP -> Leucocytes -> Leucocytes -> CRP -> LacticAcid -> CRP -> Leucocytes -> LacticAcid -> CRP -> Leucocytes -> LacticAcid -> LacticAcid -> Leucocytes -> CRP -> LacticAcid -> CRP -> Leucocytes -> LacticAcid -> Leucocytes -> CRP -> Leucocytes -> CRP -> Leucocytes -> LacticAcid -> Leucocytes -> LacticAcid -> CRP -> LacticAcid -> Leucocytes -> CRP -> CRP -> LacticAcid -> Leucocytes -> CRP -> Leucocytes -> LacticAcid -> CRP -> LacticAcid -> Leucocytes -> Admission IC -> CRP -> LacticAcid -> Leucocytes -> Leucocytes -> CRP -> LacticAcid -> LacticAcid -> CRP -> LacticAcid -> Leucocytes -> CRP -> Leucocytes -> LacticAcid -> CRP -> LacticAcid -> Leucocytes -> CRP -> LacticAcid -> Leucocytes -> LacticAcid -> CRP -> Leucocytes -> LacticAcid -> Leucocytes -> CRP -> CRP -> Leucocytes -> LacticAcid -> Leucocytes -> CRP -> LacticAcid -> CRP -> Leucocytes -> LacticAcid -> LacticAcid -> Leucocytes -> CRP -> LacticAcid -> Leucocytes -> CRP -> LacticAcid -> Leucocytes -> CRP -> LacticAcid -> CRP -> Leucocytes -> LacticAcid -> CRP -> Leucocytes -> Leucocytes -> CRP -> LacticAcid -> LacticAcid -> Leucocytes -> CRP -> CRP -> LacticAcid -> Leucocytes -> Leucocytes -> CRP -> LacticAcid -> LacticAcid -> CRP -> Leucocytes -> CRP -> LacticAcid -> Leucocytes -> CRP -> LacticAcid -> Leucocytes -> Leucocytes -> LacticAcid -> CRP -> Leucocytes -> LacticAcid -> CRP -> CRP -> LacticAcid -> Leucocytes -> Leucocytes -> Admission NC -> Leucocytes -> CRP -> Leucocytes -> Release A -> Return ER,2,1
YLA,ER Registration -> ER Triage -> ER Sepsis Triage -> CRP -> Leucocytes -> Admission IC -> CRP -> Leucocytes -> LacticAcid -> Leucocytes -> LacticAcid -> CRP -> LacticAcid -> CRP -> Leucocytes -> Leucocytes -> CRP -> LacticAcid -> CRP -> Leucocytes -> LacticAcid -> Leucocytes -> CRP -> LacticAcid -> Leucocytes -> CRP -> LacticAcid -> Leucocytes -> CRP -> LacticAcid -> LacticAcid -> CRP -> Leucocytes -> Admission NC -> Leucocytes -> CRP -> LacticAcid -> Leucocytes -> Leucocytes -> CRP -> LacticAcid -> CRP -> Leucocytes -> CRP -> Admission NC -> CRP -> Leucocytes -> CRP -> Leucocytes -> CRP -> Leucocytes -> Leucocytes -> CRP -> Leucocytes -> CRP -> CRP -> Leucocytes -> Leucocytes -> CRP -> Release A -> Return ER,10,2
LIA,ER Registration -> ER Triage -> ER Sepsis Triage -> CRP -> LacticAcid -> Leucocytes -> IV Liquid -> IV Antibiotics -> Admission IC -> LacticAcid -> Leucocytes -> CRP -> LacticAcid -> Leucocytes -> CRP -> LacticAcid -> Admission NC -> Leucocytes -> CRP -> Leucocytes -> CRP -> CRP -> Leucocytes -> Leucocytes -> CRP -> Leucocytes -> CRP -> Leucocytes -> CRP -> Release A -> Return ER,72,3
SX,ER Registration -> ER Triage -> ER Sepsis Triage -> Leucocytes -> LacticAcid -> CRP -> IV Liquid -> IV Antibiotics -> Admission NC -> Leucocytes -> CRP -> LacticAcid -> CRP -> Leucocytes -> Admission NC -> CRP -> Leucocytes -> Leucocytes -> CRP -> Release A,208,4
