case:concept:name,traces,frequency,cluster
1-351314317,Accepted -> Queued -> Accepted -> Accepted -> Completed,397,0
1-699103215,Accepted -> Queued -> Accepted -> Queued -> Accepted -> Queued -> Accepted -> Accepted -> Queued -> Accepted -> Queued -> Accepted -> Accepted -> Completed,40,1
1-365189372,Accepted -> Unmatched -> Accepted -> Completed,6,2
1-147898401,Accepted -> Accepted -> Completed,926,3
1-751006831,Accepted -> Completed -> Accepted -> Completed -> Accepted -> Accepted -> Completed,20,4
1-384757914,Accepted -> Queued -> Accepted -> Accepted -> Completed -> Accepted -> Queued -> Accepted -> Queued -> Accepted -> Accepted -> Completed,16,5
1-508044897,Accepted -> Queued -> Queued -> Accepted -> Accepted -> Queued -> Accepted -> Completed,81,6
1-742833777,Completed,1,7
