case:concept:name,traces,frequency,cluster
1-109135791,Queued -> Accepted -> Accepted -> Completed,1368,0
1-322204195,Queued -> Accepted -> Accepted -> Queued -> Queued -> Accepted -> Accepted -> Completed,39,1
1-433309965,Accepted -> Queued -> Queued -> Accepted -> Accepted -> Queued -> Accepted -> Accepted -> Queued -> Accepted -> Accepted -> Completed,36,2
1-475885658,Accepted -> Accepted -> Completed -> Accepted -> Queued -> Accepted -> Accepted -> Queued -> Queued -> Accepted -> Queued -> Accepted -> Queued -> Accepted -> Accepted -> Queued -> Accepted -> Queued -> Accepted -> Completed -> Accepted -> Queued -> Accepted -> Queued -> Accepted -> Accepted -> Completed,2,3
1-617356985,Accepted -> Completed -> Accepted -> Accepted -> Queued -> Accepted -> Completed,42,4
