case:concept:name,traces,frequency,cluster
OGA,ER Registration -> ER Triage -> ER Sepsis Triage -> IV Liquid -> LacticAcid -> Leucocytes -> CRP -> IV Antibiotics -> Admission NC -> Admission NC -> CRP -> Leucocytes -> Release A,355,1
XQ,ER Registration -> ER Triage -> ER Sepsis Triage -> Leucocytes -> CRP -> LacticAcid -> IV Liquid -> IV Antibiotics -> Admission NC -> Admission NC -> Leucocytes -> CRP -> Release A -> Return ER,232,3
YW,ER Registration -> ER Triage -> ER Sepsis Triage -> Leucocytes -> CRP -> Admission NC -> CRP -> Leucocytes -> CRP -> Release A,175,4
AA,ER Registration -> ER Triage -> ER Sepsis Triage -> Leucocytes -> LacticAcid -> CRP -> IV Liquid -> IV Antibiotics,164,0
