case:concept:name,traces,frequency,cluster
Case 414,One Bed One Bath -> To Pay the Bills -> It's Not Raw -> Good Egg -> Outdoor Renovations -> Royal Flush -> They Got Better -> Red Light Green Light -> Turn of the Century -> Ghosts of Gravitas -> Oxygen Not Occluded,355,2
Case 152,One Bed One Bath -> It's Not Raw -> Outdoor Renovations -> To Pay the Bills,144,3
Case 541,One Bed One Bath -> To Pay the Bills -> Oxygen Not Occluded -> Outdoor Renovations -> It's Not Raw -> Good Egg -> Royal Flush,197,0
Case 819,One Bed One Bath -> To Pay the Bills -> Oxygen Not Occluded -> It's Not Raw -> Good Egg -> Outdoor Renovations -> Royal Flush -> They Got Better -> Ghosts of Gravitas -> And Nowhere to Go -> Turn of the Century -> Slick -> Red Light Green Light -> Art Underground -> One Year to be Exact -> Totally Tubular -> Pulling Back The Veil -> No Place Like Clone,278,1
