case:concept:name,traces,frequency,cluster
AC,ER Registration -> ER Triage -> ER Sepsis Triage -> Leucocytes -> LacticAcid -> CRP -> IV Liquid -> IV Antibiotics -> Admission NC -> CRP -> Leucocytes -> Release A -> Return ER,285,0
ANA,ER Registration -> ER Triage -> ER Sepsis Triage -> CRP -> Leucocytes -> Admission NC -> Leucocytes -> CRP -> Release A,56,1
TP,ER Registration -> ER Triage -> ER Sepsis Triage -> Leucocytes -> CRP -> LacticAcid -> IV Liquid -> IV Antibiotics -> Admission NC -> Leucocytes -> CRP -> Admission NC -> Leucocytes -> CRP -> Release A,296,2
ZK,ER Registration -> ER Triage -> ER Sepsis Triage -> IV Liquid -> Leucocytes -> CRP -> IV Antibiotics -> Admission NC -> CRP -> Leucocytes -> Release A,34,3
ML,ER Registration -> ER Triage -> ER Sepsis Triage -> Leucocytes -> LacticAcid -> CRP -> IV Liquid -> IV Antibiotics -> Admission NC -> CRP -> Leucocytes -> Leucocytes -> CRP -> Admission IC -> Leucocytes -> CRP -> LacticAcid -> LacticAcid -> CRP -> Leucocytes -> LacticAcid -> Leucocytes -> CRP -> Admission NC -> Leucocytes -> Leucocytes -> CRP -> Release A -> Return ER,99,4
VEA,ER Registration -> ER Triage -> ER Sepsis Triage -> LacticAcid -> CRP -> Leucocytes -> IV Liquid -> IV Antibiotics,112,5
JJA,ER Registration -> ER Triage -> ER Sepsis Triage -> Leucocytes -> CRP -> LacticAcid -> Admission NC -> CRP -> Release A,68,6
R,ER Registration -> ER Triage -> ER Sepsis Triage -> CRP -> Leucocytes,100,7
