case:concept:name,traces,frequency,cluster
1-270399977,Accepted -> Accepted -> Queued -> Accepted -> Queued -> Accepted -> Completed,401,0
1-619109941,Accepted -> Queued -> Accepted -> Queued -> Accepted -> Queued -> Accepted -> Accepted -> Queued -> Accepted -> Queued -> Accepted -> Queued -> Accepted -> Accepted -> Completed,23,1
1-751006831,Accepted -> Completed -> Accepted -> Completed -> Accepted -> Accepted -> Completed,453,2
1-742833777,Completed,1,3
1-329451027,Accepted -> Unmatched -> Queued -> Accepted -> Accepted -> Completed,4,4
1-560404489,Accepted -> Queued -> Accepted -> Queued -> Accepted -> Accepted -> Queued -> Accepted -> Accepted -> Completed,59,5
1-365189372,Accepted -> Unmatched -> Accepted -> Completed,6,6
1-322980802,Accepted -> Completed,493,7
1-353818791,Queued -> Accepted -> Queued -> Accepted -> Completed,47,8
