case:concept:name,traces,frequency,cluster
1-515873671,Accepted -> Queued -> Accepted -> Queued -> Accepted -> Completed,435,0
1-400528782,Accepted -> Completed -> Accepted -> Accepted -> Completed,946,1
1-365189372,Accepted -> Unmatched -> Accepted -> Completed,6,2
1-536299706,Accepted -> Queued -> Accepted -> Accepted -> Queued -> Accepted -> Accepted -> Queued -> Queued -> Accepted -> Accepted -> Completed,95,3
1-742833777,Completed,1,4
1-365052802,Accepted -> Accepted -> Queued -> Accepted -> Unmatched -> Completed,4,5
