case:concept:name,traces,frequency,cluster
caseCase 46,Turning & Milling - Machine 6 -> Turning & Milling - Machine 6 -> Turning & Milling Q.C. -> Laser Marking - Machine 7 -> Lapping - Machine 1 -> Final Inspection Q.C. -> Final Inspection Q.C. -> Packing,46,0
caseCase 108,Turning & Milling - Machine 4 -> Turning & Milling - Machine 4 -> Turning & Milling Q.C. -> Turning & Milling - Machine 4 -> Turning & Milling Q.C. -> Laser Marking - Machine 7 -> Flat Grinding - Machine 11 -> Flat Grinding - Machine 11 -> Lapping - Machine 1 -> Lapping - Machine 1 -> Round Grinding - Machine 3 -> Round Grinding - Machine 3 -> Final Inspection Q.C. -> Packing -> Final Inspection Q.C.,100,1
caseCase 36,Turning & Milling - Machine 5 -> Turning & Milling - Machine 5 -> Turning & Milling - Machine 4 -> Turning & Milling - Machine 5 -> Turning & Milling Q.C. -> Turning & Milling - Machine 5 -> Turning & Milling - Machine 5 -> Turning & Milling Q.C. -> Laser Marking - Machine 7 -> Lapping - Machine 1 -> Lapping - Machine 1 -> Round Grinding - Machine 2 -> Round Grinding - Machine 2 -> Grinding Rework - Machine 12 -> Grinding Rework - Machine 12,35,2
caseCase 118,Turning & Milling - Machine 6 -> Turning & Milling - Machine 6 -> Turning & Milling Q.C.,19,3
caseCase 139,Round Grinding - Q.C.,2,4
caseCase 144,Packing -> Final Inspection Q.C.,6,5
caseCase 153,Round Grinding - Manual -> Round Grinding - Manual -> Final Inspection Q.C. -> Final Inspection Q.C. -> Packing,11,6
caseCase 177,Lapping - Machine 1 -> Round Grinding - Machine 2 -> Round Grinding - Machine 2 -> Final Inspection Q.C. -> Final Inspection Q.C. -> Grinding Rework - Machine 27 -> Packing -> Final Inspection Q.C. -> Lapping - Machine 1,6,7
