case:concept:name,traces,frequency,cluster
EP,ER Registration -> ER Triage -> ER Sepsis Triage -> IV Liquid -> CRP -> LacticAcid -> Leucocytes -> IV Antibiotics,125,0
EH,ER Registration -> ER Triage -> ER Sepsis Triage -> CRP -> LacticAcid -> Leucocytes -> IV Liquid -> IV Antibiotics -> Admission NC -> Release A,109,1
US,ER Registration -> ER Triage -> ER Sepsis Triage -> Leucocytes -> LacticAcid -> CRP -> IV Liquid -> IV Antibiotics -> Admission NC -> Leucocytes -> CRP -> Admission NC -> CRP -> Leucocytes -> Release A,295,2
KM,ER Registration -> ER Triage -> ER Sepsis Triage -> IV Liquid -> LacticAcid -> CRP -> Leucocytes -> IV Antibiotics -> Admission NC -> Leucocytes -> CRP -> Admission IC -> CRP -> Leucocytes -> LacticAcid -> Leucocytes -> Leucocytes -> LacticAcid -> Leucocytes -> CRP -> LacticAcid -> CRP -> Leucocytes -> LacticAcid -> CRP -> LacticAcid -> Leucocytes -> CRP -> LacticAcid -> Leucocytes -> LacticAcid -> Leucocytes -> CRP -> CRP -> Leucocytes -> LacticAcid -> CRP -> Leucocytes -> LacticAcid -> LacticAcid -> Leucocytes -> CRP -> LacticAcid -> CRP -> Leucocytes -> Leucocytes -> CRP -> LacticAcid -> CRP -> Leucocytes -> LacticAcid -> CRP -> Leucocytes -> LacticAcid -> LacticAcid -> Leucocytes -> CRP -> LacticAcid -> CRP -> Leucocytes -> LacticAcid -> Leucocytes -> CRP -> Leucocytes -> CRP -> Leucocytes -> LacticAcid -> Leucocytes -> LacticAcid -> CRP -> LacticAcid -> Leucocytes -> CRP -> CRP -> LacticAcid -> Leucocytes -> CRP -> Leucocytes -> LacticAcid -> CRP -> LacticAcid -> Leucocytes -> Admission IC -> CRP -> LacticAcid -> Leucocytes -> Leucocytes -> CRP -> LacticAcid -> LacticAcid -> CRP -> LacticAcid -> Leucocytes -> CRP -> Leucocytes -> LacticAcid -> CRP -> LacticAcid -> Leucocytes -> CRP -> LacticAcid -> Leucocytes -> LacticAcid -> CRP -> Leucocytes -> LacticAcid -> Leucocytes -> CRP -> CRP -> Leucocytes -> LacticAcid -> Leucocytes -> CRP -> LacticAcid -> CRP -> Leucocytes -> LacticAcid -> LacticAcid -> Leucocytes -> CRP -> LacticAcid -> Leucocytes -> CRP -> LacticAcid -> Leucocytes -> CRP -> LacticAcid -> CRP -> Leucocytes -> LacticAcid -> CRP -> Leucocytes -> Leucocytes -> CRP -> LacticAcid -> LacticAcid -> Leucocytes -> CRP -> CRP -> LacticAcid -> Leucocytes -> Leucocytes -> CRP -> LacticAcid -> LacticAcid -> CRP -> Leucocytes -> CRP -> LacticAcid -> Leucocytes -> CRP -> LacticAcid -> Leucocytes -> Leucocytes -> LacticAcid -> CRP -> Leucocytes -> LacticAcid -> CRP -> CRP -> LacticAcid -> Leucocytes -> Leucocytes -> Admission NC -> Leucocytes -> CRP -> Leucocytes -> Release A -> Return ER,12,3
FKA,ER Registration -> ER Triage -> ER Sepsis Triage -> Leucocytes -> CRP -> LacticAcid -> Admission NC -> Leucocytes -> CRP -> Admission NC -> Release A,98,4
K,ER Registration -> ER Triage -> ER Sepsis Triage -> LacticAcid -> CRP -> Leucocytes -> IV Antibiotics -> Admission NC -> Leucocytes -> CRP -> Admission NC -> IV Liquid -> CRP -> Leucocytes -> Release A -> Return ER,212,5
QBA,ER Registration -> ER Triage -> ER Sepsis Triage -> IV Liquid -> IV Antibiotics -> LacticAcid -> Leucocytes -> CRP -> Admission IC -> Leucocytes -> CRP -> LacticAcid -> CRP -> LacticAcid -> Leucocytes -> LacticAcid -> CRP -> Leucocytes -> LacticAcid -> Admission NC -> CRP -> Leucocytes -> Leucocytes -> CRP -> CRP -> Leucocytes -> CRP -> Leucocytes -> CRP -> Leucocytes -> Leucocytes -> CRP -> Release A,76,6
R,ER Registration -> ER Triage -> ER Sepsis Triage -> CRP -> Leucocytes,123,7
